able	할 수 있는
about	~에 대하여
above	~위에
accept	받아들이다
accident	사고
ache	아프다
across	가로질러
act	행동하다
actor	배우
add	더하다
address	주소
adult	어른
advice	충고
afraid	두려운
after	~후에
afternoon	오후
again	다시
age	나이
agree	동의하다
air	공기
airplane	비행기
airport	공항
alarm	경보
album	앨범
alive	살아 있는
allow	허락하다
almost	거의
alone	혼자
along	~을 따라
alphabet	알파벳
already	이미
also	또한
always	항상
ambulance	구급차
among	~사이에
ancient	고대의
angel	천사
anger	분노
angle	각도
angry	화난
animal	동물
ankle	발목
announce	알리다
answer	대답
ant	개미
apart	떨어져
apartment	아파트
apologize	사과하다
appear	나타나다
appetite	식욕
apple	사과
apply	지원하다
area	지역
arm	팔
army	군대
around	주위에
arrive	도착하다
arrow	화살
art	예술
artist	예술가
ask	묻다
asleep	잠든
assist	돕다
attack	공격하다
attend	참석하다
attention	주의
audience	청중
aunt	이모
author	작가
autumn	가을
avenue	대로
average	평균
avoid	피하다
awake	깨어 있는
award	상
aware	알고 있는
away	떨어져
baby	아기
back	등
bag	가방
bake	굽다
ball	공
balloon	풍선
banana	바나나
band	악단
bank	은행
bark	짖다
basket	바구니
bath	목욕
beach	해변
bean	콩
bear	곰
beard	턱수염
beautiful	아름다운
because	왜냐하면
become	되다
bed	침대
bee	벌
beef	소고기
before	~전에
begin	시작하다
behind	뒤에
believe	믿다
bell	종
belong	속하다
below	아래에
belt	허리띠
bench	긴 의자
beside	옆에
between	사이에
bicycle	자전거
big	큰
bird	새
birthday	생일
bite	물다
bitter	쓴
black	검은
blanket	담요
blind	눈먼
block	막다
blood	피
blow	불다
blue	파란
board	판자
boat	배
body	몸
boil	끓이다
bone	뼈
book	책
boot	장화
border	국경
borrow	빌리다
bottle	병
bottom	바닥
bowl	그릇
box	상자
boy	소년
brain	뇌
branch	가지
brave	용감한
bread	빵
break	깨다
breakfast	아침 식사
breathe	숨쉬다
bridge	다리
bright	밝은
bring	가져오다
broom	빗자루
brother	형제
brown	갈색의
brush	솔
bubble	거품
bucket	양동이
build	짓다
burn	타다
bury	묻다
bus	버스
bush	덤불
busy	바쁜
butter	버터
button	단추
buy	사다
cabbage	양배추
cage	새장
cake	케이크
calendar	달력
call	부르다
calm	차분한
camel	낙타
camera	사진기
camp	야영하다
candle	양초
candy	사탕
cap	모자
captain	선장
car	자동차
card	카드
care	돌보다
carpet	양탄자
carrot	당근
carry	나르다
cart	수레
castle	성
cat	고양이
catch	잡다
cave	동굴
ceiling	천장
celebrate	축하하다
cell	세포
center	중심
century	세기
chain	사슬
chair	의자
chalk	분필
chance	기회
change	바꾸다
cheap	싼
cheek	뺨
cheese	치즈
chest	가슴
chicken	닭
child	아이
chin	턱
chocolate	초콜릿
choose	고르다
church	교회
circle	원
city	도시
clap	박수치다
class	수업
clean	깨끗한
clear	맑은
clever	영리한
climb	오르다
clock	시계
close	닫다
cloth	천
cloud	구름
clown	광대
coach	감독
coast	해안
coat	외투
coffee	커피
coin	동전
cold	추운
collect	모으다
color	색
comb	빗
come	오다
comfort	위로하다
common	흔한
compare	비교하다
complete	완성하다
computer	컴퓨터
cook	요리하다
cool	시원한
copy	베끼다
corn	옥수수
corner	모퉁이
correct	옳은
cost	값이 들다
cotton	목화
cough	기침하다
count	세다
country	나라
couple	한 쌍
courage	용기
course	과정
cousin	사촌
cover	덮다
cow	소
crack	금이 가다
crane	두루미
crash	충돌하다
crawl	기다
crayon	크레용
crazy	미친
cream	크림
create	창조하다
cross	건너다
crowd	군중
crown	왕관
cruel	잔인한
cry	울다
cup	컵
curious	호기심 많은
curtain	커튼
curve	곡선
cushion	방석
customer	손님
cut	자르다
cute	귀여운
dad	아빠
daily	날마다의
damage	손해
dance	춤추다
danger	위험
dark	어두운
date	날짜
daughter	딸
dawn	새벽
day	날
dead	죽은
deaf	귀먹은
deal	거래
dear	친애하는
death	죽음
decide	결정하다
deep	깊은
deer	사슴
delay	미루다
delicious	맛있는
deliver	배달하다
dentist	치과의사
depend	의지하다
describe	묘사하다
desert	사막
design	설계하다
desk	책상
dessert	후식
destroy	파괴하다
develop	발전시키다
diamond	다이아몬드
diary	일기
dictionary	사전
die	죽다
different	다른
difficult	어려운
dig	파다
dinner	저녁 식사
direct	직접의
dirty	더러운
disappear	사라지다
discover	발견하다
disease	질병
dish	접시
distance	거리
divide	나누다
doctor	의사
dog	개
doll	인형
dollar	달러
donkey	당나귀
door	문
double	두 배의
doubt	의심하다
draw	그리다
dream	꿈
dress	옷
drink	마시다
drive	운전하다
drop	떨어뜨리다
drum	북
dry	마른
duck	오리
dust	먼지
duty	의무
each	각각의
eagle	독수리
ear	귀
early	이른
earn	벌다
earth	지구
east	동쪽
easy	쉬운
eat	먹다
edge	가장자리
education	교육
effort	노력
egg	달걀
eight	여덟
either	둘 중 하나
elbow	팔꿈치
elephant	코끼리
elevator	승강기
else	다른
empty	빈
end	끝
enemy	적
energy	에너지
engine	엔진
enjoy	즐기다
enough	충분한
enter	들어가다
envelope	봉투
equal	같은
escape	달아나다
evening	저녁
event	사건
ever	언젠가
every	모든
exact	정확한
example	보기
excellent	훌륭한
except	~을 제외하고
exchange	교환하다
excited	신이 난
excuse	용서하다
exercise	운동
exit	출구
expect	기대하다
expensive	비싼
explain	설명하다
explore	탐험하다
eye	눈
face	얼굴
fact	사실
factory	공장
fail	실패하다
fair	공정한
fall	떨어지다
false	거짓의
family	가족
famous	유명한
fan	선풍기
far	먼
farm	농장
fast	빠른
fat	뚱뚱한
father	아버지
fault	잘못
favorite	가장 좋아하는
fear	두려움
feather	깃털
feed	먹이다
feel	느끼다
fence	울타리
festival	축제
fever	열
few	몇 안 되는
field	들판
fight	싸우다
fill	채우다
film	영화
find	찾다
fine	좋은
finger	손가락
finish	끝내다
fire	불
fish	물고기
fist	주먹
fit	맞다
fix	고치다
flag	깃발
flame	불꽃
flat	평평한
float	뜨다
floor	바닥
flour	밀가루
flower	꽃
fly	날다
fog	안개
fold	접다
follow	따르다
food	음식
fool	바보
foot	발
football	축구
force	힘
forest	숲
forget	잊다
forgive	용서하다
fork	포크
form	형태
forward	앞으로
fountain	분수
fox	여우
frame	틀
free	자유로운
fresh	신선한
friend	친구
frighten	겁주다
frog	개구리
front	앞
fruit	과일
fry	튀기다
full	가득 찬
fun	재미
funny	우스운
fur	털
furniture	가구
future	미래
